"","AA","Nb_nonH_sidechain","Trifonov_order","LUCA_usage","LUCA_usageSE","aaRS_Class","Wehbi_order","mean_protozymedistance","min_protozymedistance"
"1","A",1,1,1.05599162132222,0.0335196921898149,"2",4,3,3
"2","C",2,15,0.961731900942804,0.0732112965216727,"1",8,4,4
"3","D",4,3,0.963718986642341,0.0286569630699334,"2",8,6,5
"4","E",5,7,1.02885989213119,0.0376962788483737,"1",5,4,4
"5","F",7,17,0.877765165808598,0.0329123273713495,"2",10,3.5,3
"6","G",0,1,1.12308779712849,0.0303525492463138,"2",1,5,2
"7","H",6,16,1.06041718116029,0.0444604426554087,"2",3,4,4
"8","I",4,14,1.08667772515793,0.0337257014948859,"1",2,7,7
"9","K",5,12,0.987115838423888,0.0416127407996582,"1_2",7,3,3
"10","L",4,7,0.922399146430876,0.0262971241817542,"1",9,8,8
"11","M",4,18,1.08860804015993,0.0413327215670491,"1",2,5,5
"12","N",4,11,0.962467756126151,0.0407202287087586,"2",8,5,5
"13","P",3,5,1.00419306036325,0.0298138596679914,"2",6,5,4
"14","Q",5,13,0.862279558677916,0.0342995843026874,"1",11,4,4
"15","R",7,10,0.92119274848491,0.0286517040414281,"1",9,4,4
"16","S",2,6,0.984549624893336,0.0281788840129369,"2",7,4,4
"17","T",3,9,1.11358159874552,0.0399976614931446,"2",1,5,5
"18","V",3,3,1.11406843483666,0.0256782578802552,"1",1,7,7
"19","W",10,20,0.629537568638205,0.0480336870756373,"1",13,2,2
"20","Y",8,19,0.85540413847467,0.0358034913250286,"1",12,2,2
