"PFAM_IDs","classified_ancestor"
"PF00071","LACA"
"PF00091","LACA"
"PF00113","LACA"
"PF00121","LACA"
"PF00162","LACA"
"PF00164","LACA"
"PF00237","LACA"
"PF00238","LACA"
"PF00252","LACA"
"PF00297","LACA"
"PF00318","LACA"
"PF00338","LACA"
"PF00382","LACA"
"PF00416","LACA"
"PF00428","LACA"
"PF00467","LACA"
"PF00482","LACA"
"PF00507","LACA"
"PF00687","LACA"
"PF00705","LACA"
"PF00736","LACA"
"PF00752","LACA"
"PF00766","LACA"
"PF00808","preLACA"
"PF00832","preLACA"
"PF00833","LACA"
"PF00834","LACA"
"PF00867","LACA"
"PF00900","preLACA"
"PF00902","LACA"
"PF00926","preLACA"
"PF00958","preLACA"
"PF01008","preLACA"
"PF01015","LACA"
"PF01090","preLACA"
"PF01092","LACA"
"PF01096","LACA"
"PF01134","LACA"
"PF01154","LACA"
"PF01157","LACA"
"PF01163","LACA"
"PF01172","preLACA"
"PF01176","LACA"
"PF01193","LACA"
"PF01194","LACA"
"PF01198","LACA"
"PF01199","LACA"
"PF01200","preLACA"
"PF01201","LACA"
"PF01280","LACA"
"PF01282","LACA"
"PF01351","LACA"
"PF01381","LACA"
"PF01409","LACA"
"PF01423","LACA"
"PF01428","preLACA"
"PF01599","LACA"
"PF01624","LACA"
"PF01655","LACA"
"PF01667","LACA"
"PF01670","LACA"
"PF01702","LACA"
"PF01728","LACA"
"PF01775","preLACA"
"PF01780","LACA"
"PF01796","LACA"
"PF01849","LACA"
"PF01866","LACA"
"PF01868","preLACA"
"PF01870","LACA"
"PF01873","LACA"
"PF01877","preLACA"
"PF01886","LACA"
"PF01900","preLACA"
"PF01907","LACA"
"PF01912","LACA"
"PF01913","LACA"
"PF01917","LACA"
"PF01920","preLACA"
"PF01921","LACA"
"PF01922","LACA"
"PF01923","LACA"
"PF01939","LACA"
"PF01940","LACA"
"PF01949","LACA"
"PF01954","LACA"
"PF01956","LACA"
"PF01970","LACA"
"PF01974","LACA"
"PF01976","LACA"
"PF01982","preLACA"
"PF01983","LACA"
"PF01984","preLACA"
"PF01988","LACA"
"PF01989","LACA"
"PF01994","LACA"
"PF01996","LACA"
"PF01997","preLACA"
"PF01998","LACA"
"PF02001","preLACA"
"PF02002","LACA"
"PF02006","LACA"
"PF02007","LACA"
"PF02150","LACA"
"PF02516","preLACA"
"PF02593","LACA"
"PF02613","LACA"
"PF02634","LACA"
"PF02637","LACA"
"PF02667","LACA"
"PF02680","LACA"
"PF02697","preLACA"
"PF02741","LACA"
"PF02747","LACA"
"PF02749","LACA"
"PF02778","LACA"
"PF02787","preLACA"
"PF02803","LACA"
"PF02926","preLACA"
"PF02933","preLACA"
"PF02934","LACA"
"PF03029","LACA"
"PF03143","LACA"
"PF03144","LACA"
"PF03288","LACA"
"PF03357","LACA"
"PF03367","LACA"
"PF03463","LACA"
"PF03464","LACA"
"PF03465","LACA"
"PF03551","LACA"
"PF03587","LACA"
"PF03657","LACA"
"PF03685","LACA"
"PF03725","LACA"
"PF03833","preLACA"
"PF03874","LACA"
"PF03876","LACA"
"PF03911","LACA"
"PF03950","LACA"
"PF03952","LACA"
"PF04008","LACA"
"PF04010","LACA"
"PF04019","LACA"
"PF04032","preLACA"
"PF04034","preLACA"
"PF04042","preLACA"
"PF04068","preLACA"
"PF04104","LACA"
"PF04123","LACA"
"PF04126","LACA"
"PF04135","LACA"
"PF04182","LACA"
"PF04242","LACA"
"PF04252","LACA"
"PF04289","preLACA"
"PF04312","preLACA"
"PF04406","preLACA"
"PF04410","LACA"
"PF04423","LACA"
"PF04457","preLACA"
"PF04565","LACA"
"PF04566","LACA"
"PF04567","LACA"
"PF04703","LACA"
"PF04894","LACA"
"PF04895","preLACA"
"PF04919","preLACA"
"PF04967","LACA"
"PF04981","LACA"
"PF05000","LACA"
"PF05123","LACA"
"PF05124","LACA"
"PF05559","preLACA"
"PF05693","preLACA"
"PF05916","LACA"
"PF06023","LACA"
"PF06093","LACA"
"PF06195","LACA"
"PF06253","LACA"
"PF06348","LACA"
"PF06550","LACA"
"PF06677","preLACA"
"PF06849","LACA"
"PF06858","LACA"
"PF06973","preLACA"
"PF07362","LACA"
"PF07541","LACA"
"PF07726","LACA"
"PF07754","LACA"
"PF07760","LACA"
"PF08068","preLACA"
"PF08069","preLACA"
"PF08071","preLACA"
"PF08271","LACA"
"PF08351","LACA"
"PF08394","LACA"
"PF08423","LACA"
"PF08438","preLACA"
"PF08489","LACA"
"PF08646","LACA"
"PF08714","preLACA"
"PF08753","preLACA"
"PF08915","LACA"
"PF09180","LACA"
"PF09183","preLACA"
"PF09202","LACA"
"PF09239","preLACA"
"PF09249","LACA"
"PF09336","LACA"
"PF09378","preLACA"
"PF09455","LACA"
"PF09579","LACA"
"PF09843","LACA"
"PF09847","LACA"
"PF09853","LACA"
"PF09883","LACA"
"PF09892","preLACA"
"PF09910","LACA"
"PF09946","LACA"
"PF09948","LACA"
"PF09999","LACA"
"PF10007","LACA"
"PF10015","LACA"
"PF10120","LACA"
"PF10133","LACA"
"PF10559","LACA"
"PF10584","preLACA"
"PF10884","LACA"
"PF11419","LACA"
"PF11469","preLACA"
"PF11495","LACA"
"PF11760","LACA"
"PF12172","LACA"
"PF12327","LACA"
"PF12798","preLACA"
"PF12840","preLACA"
"PF13184","LACA"
"PF13344","LACA"
"PF13370","LACA"
"PF13656","preLACA"
"PF13840","LACA"
"PF13938","LACA"
"PF14010","LACA"
"PF14251","LACA"
"PF14382","preLACA"
"PF14512","LACA"
"PF14544","preLACA"
"PF14551","LACA"
"PF14578","LACA"
"PF14601","LACA"
"PF14622","LACA"
"PF14810","preLACA"
"PF14890","preLACA"
"PF14947","preLACA"
"PF15985","LACA"
"PF16795","LACA"
"PF16868","LACA"
"PF16897","preLACA"
"PF16906","preLACA"
"PF17135","LACA"
"PF17146","LACA"
"PF17207","LACA"
"PF17214","LACA"
"PF17231","LACA"
"PF17777","LACA"
"PF17855","LACA"
"PF17856","LACA"
"PF17884","LACA"
"PF18046","LACA"
"PF18093","LACA"
"PF18195","LACA"
"PF18320","LACA"
"PF18477","LACA"
"PF18490","LACA"
"PF18551","LACA"
"PF18754","LACA"
"PF18862","LACA"
"PF18898","LACA"
"PF18975","LACA"
"PF19026","preLACA"
"PF19538","LACA"
"PF19810","LACA"
"PF20268","LACA"
"PF20470","preLACA"
"Domain1","LBCA"
"Domain2","LBCA"
"PF00006","LBCA"
"PF00012","preLBCA"
"PF00015","LBCA"
"PF00023","preLBCA"
"PF00027","preLBCA"
"PF00028","LBCA"
"PF00032","LBCA"
"PF00033","LBCA"
"PF00034","LBCA"
"PF00035","LBCA"
"PF00036","LBCA"
"PF00042","LBCA"
"PF00044","LBCA"
"PF00045","LBCA"
"PF00050","LBCA"
"PF00059","LBCA"
"PF00060","LBCA"
"PF00076","LBCA"
"PF00078","preLBCA"
"PF00079","preLBCA"
"PF00080","LBCA"
"PF00089","LBCA"
"PF00109","LBCA"
"PF00115","LBCA"
"PF00120","LBCA"
"PF00126","LBCA"
"PF00137","LBCA"
"PF00140","LBCA"
"PF00148","LBCA"
"PF00158","LBCA"
"PF00166","LBCA"
"PF00173","LBCA"
"PF00182","LBCA"
"PF00183","preLBCA"
"PF00186","preLBCA"
"PF00190","preLBCA"
"PF00194","LBCA"
"PF00195","LBCA"
"PF00196","preLBCA"
"PF00199","LBCA"
"PF00201","LBCA"
"PF00207","preLBCA"
"PF00209","LBCA"
"PF00213","LBCA"
"PF00216","LBCA"
"PF00218","LBCA"
"PF00221","preLBCA"
"PF00227","LBCA"
"PF00231","LBCA"
"PF00232","preLBCA"
"PF00245","preLBCA"
"PF00251","preLBCA"
"PF00254","LBCA"
"PF00258","LBCA"
"PF00263","LBCA"
"PF00264","LBCA"
"PF00265","LBCA"
"PF00268","preLBCA"
"PF00274","LBCA"
"PF00275","LBCA"
"PF00276","LBCA"
"PF00295","preLBCA"
"PF00296","preLBCA"
"PF00298","LBCA"
"PF00301","LBCA"
"PF00302","LBCA"
"PF00303","LBCA"
"PF00308","LBCA"
"PF00311","LBCA"
"PF00316","LBCA"
"PF00317","LBCA"
"PF00325","LBCA"
"PF00331","preLBCA"
"PF00342","preLBCA"
"PF00348","preLBCA"
"PF00351","LBCA"
"PF00356","preLBCA"
"PF00359","LBCA"
"PF00360","LBCA"
"PF00365","preLBCA"
"PF00366","LBCA"
"PF00375","LBCA"
"PF00376","LBCA"
"PF00378","LBCA"
"PF00381","LBCA"
"PF00388","preLBCA"
"PF00390","LBCA"
"PF00392","LBCA"
"PF00393","preLBCA"
"PF00394","LBCA"
"PF00395","LBCA"
"PF00404","preLBCA"
"PF00406","LBCA"
"PF00408","LBCA"
"PF00415","LBCA"
"PF00425","LBCA"
"PF00430","LBCA"
"PF00432","preLBCA"
"PF00436","preLBCA"
"PF00444","LBCA"
"PF00449","preLBCA"
"PF00455","preLBCA"
"PF00457","LBCA"
"PF00460","preLBCA"
"PF00462","LBCA"
"PF00468","preLBCA"
"PF00471","LBCA"
"PF00472","LBCA"
"PF00474","preLBCA"
"PF00479","LBCA"
"PF00480","preLBCA"
"PF00481","LBCA"
"PF00485","LBCA"
"PF00486","preLBCA"
"PF00487","preLBCA"
"PF00490","preLBCA"
"PF00494","preLBCA"
"PF00498","LBCA"
"PF00499","LBCA"
"PF00520","LBCA"
"PF00521","preLBCA"
"PF00529","preLBCA"
"PF00532","LBCA"
"PF00533","preLBCA"
"PF00542","LBCA"
"PF00544","LBCA"
"PF00545","LBCA"
"PF00547","preLBCA"
"PF00550","preLBCA"
"PF00560","LBCA"
"PF00563","LBCA"
"PF00570","LBCA"
"PF00571","LBCA"
"PF00574","LBCA"
"PF00585","LBCA"
"PF00639","LBCA"
"PF00648","LBCA"
"PF00657","preLBCA"
"PF00664","preLBCA"
"PF00667","LBCA"
"PF00668","LBCA"
"PF00669","LBCA"
"PF00670","preLBCA"
"PF00675","LBCA"
"PF00676","LBCA"
"PF00677","LBCA"
"PF00679","LBCA"
"PF00685","preLBCA"
"PF00686","LBCA"
"PF00691","preLBCA"
"PF00694","LBCA"
"PF00698","LBCA"
"PF00699","LBCA"
"PF00700","LBCA"
"PF00704","LBCA"
"PF00710","LBCA"
"PF00717","preLBCA"
"PF00722","preLBCA"
"PF00723","LBCA"
"PF00728","preLBCA"
"PF00732","LBCA"
"PF00741","LBCA"
"PF00743","LBCA"
"PF00746","LBCA"
"PF00754","preLBCA"
"PF00756","preLBCA"
"PF00759","preLBCA"
"PF00762","LBCA"
"PF00768","LBCA"
"PF00771","LBCA"
"PF00772","LBCA"
"PF00775","preLBCA"
"PF00781","preLBCA"
"PF00793","LBCA"
"PF00797","LBCA"
"PF00801","preLBCA"
"PF00805","LBCA"
"PF00814","LBCA"
"PF00815","LBCA"
"PF00817","preLBCA"
"PF00821","LBCA"
"PF00825","preLBCA"
"PF00830","LBCA"
"PF00831","LBCA"
"PF00842","LBCA"
"PF00847","LBCA"
"PF00849","LBCA"
"PF00852","preLBCA"
"PF00854","preLBCA"
"PF00856","LBCA"
"PF00860","LBCA"
"PF00861","LBCA"
"PF00862","LBCA"
"PF00871","LBCA"
"PF00872","preLBCA"
"PF00873","preLBCA"
"PF00882","LBCA"
"PF00886","LBCA"
"PF00889","LBCA"
"PF00893","LBCA"
"PF00905","LBCA"
"PF00912","LBCA"
"PF00916","LBCA"
"PF00919","LBCA"
"PF00923","LBCA"
"PF00925","LBCA"
"PF00929","preLBCA"
"PF00931","preLBCA"
"PF00933","preLBCA"
"PF00936","LBCA"
"PF00939","LBCA"
"PF00941","LBCA"
"PF00942","LBCA"
"PF00953","LBCA"
"PF00959","LBCA"
"PF00962","LBCA"
"PF00963","preLBCA"
"PF00975","LBCA"
"PF00982","LBCA"
"PF00984","LBCA"
"PF00990","LBCA"
"PF01010","LBCA"
"PF01011","LBCA"
"PF01014","LBCA"
"PF01018","LBCA"
"PF01019","preLBCA"
"PF01027","LBCA"
"PF01028","LBCA"
"PF01029","preLBCA"
"PF01035","LBCA"
"PF01043","LBCA"
"PF01051","LBCA"
"PF01052","LBCA"
"PF01055","preLBCA"
"PF01059","LBCA"
"PF01062","LBCA"
"PF01063","LBCA"
"PF01068","LBCA"
"PF01076","LBCA"
"PF01078","LBCA"
"PF01081","LBCA"
"PF01084","LBCA"
"PF01087","LBCA"
"PF01095","preLBCA"
"PF01098","preLBCA"
"PF01103","LBCA"
"PF01112","LBCA"
"PF01116","LBCA"
"PF01120","preLBCA"
"PF01121","LBCA"
"PF01126","LBCA"
"PF01128","preLBCA"
"PF01132","preLBCA"
"PF01135","preLBCA"
"PF01136","LBCA"
"PF01137","LBCA"
"PF01138","LBCA"
"PF01139","preLBCA"
"PF01148","LBCA"
"PF01149","preLBCA"
"PF01152","preLBCA"
"PF01156","preLBCA"
"PF01165","LBCA"
"PF01169","LBCA"
"PF01171","LBCA"
"PF01175","LBCA"
"PF01179","preLBCA"
"PF01180","preLBCA"
"PF01182","LBCA"
"PF01183","LBCA"
"PF01187","LBCA"
"PF01196","LBCA"
"PF01197","LBCA"
"PF01202","preLBCA"
"PF01204","preLBCA"
"PF01210","LBCA"
"PF01223","LBCA"
"PF01225","LBCA"
"PF01226","LBCA"
"PF01227","LBCA"
"PF01228","LBCA"
"PF01229","LBCA"
"PF01232","LBCA"
"PF01235","preLBCA"
"PF01245","LBCA"
"PF01250","LBCA"
"PF01252","LBCA"
"PF01255","LBCA"
"PF01256","LBCA"
"PF01258","LBCA"
"PF01262","preLBCA"
"PF01263","preLBCA"
"PF01270","LBCA"
"PF01272","LBCA"
"PF01274","LBCA"
"PF01278","LBCA"
"PF01281","LBCA"
"PF01288","LBCA"
"PF01289","LBCA"
"PF01293","LBCA"
"PF01301","LBCA"
"PF01312","LBCA"
"PF01313","LBCA"
"PF01327","LBCA"
"PF01330","LBCA"
"PF01337","preLBCA"
"PF01341","LBCA"
"PF01343","preLBCA"
"PF01344","LBCA"
"PF01346","preLBCA"
"PF01348","LBCA"
"PF01361","LBCA"
"PF01364","preLBCA"
"PF01367","LBCA"
"PF01379","LBCA"
"PF01400","LBCA"
"PF01401","LBCA"
"PF01416","LBCA"
"PF01424","LBCA"
"PF01427","preLBCA"
"PF01431","LBCA"
"PF01433","LBCA"
"PF01434","LBCA"
"PF01443","LBCA"
"PF01446","LBCA"
"PF01447","LBCA"
"PF01450","LBCA"
"PF01455","LBCA"
"PF01457","LBCA"
"PF01458","LBCA"
"PF01464","LBCA"
"PF01471","LBCA"
"PF01475","LBCA"
"PF01476","LBCA"
"PF01478","LBCA"
"PF01483","LBCA"
"PF01496","LBCA"
"PF01501","preLBCA"
"PF01502","LBCA"
"PF01510","preLBCA"
"PF01512","LBCA"
"PF01515","preLBCA"
"PF01520","LBCA"
"PF01526","preLBCA"
"PF01527","preLBCA"
"PF01531","LBCA"
"PF01535","LBCA"
"PF01553","preLBCA"
"PF01554","preLBCA"
"PF01565","LBCA"
"PF01566","preLBCA"
"PF01580","LBCA"
"PF01583","LBCA"
"PF01584","LBCA"
"PF01595","LBCA"
"PF01610","preLBCA"
"PF01612","preLBCA"
"PF01614","preLBCA"
"PF01618","preLBCA"
"PF01619","LBCA"
"PF01628","LBCA"
"PF01632","LBCA"
"PF01633","LBCA"
"PF01642","LBCA"
"PF01643","LBCA"
"PF01648","LBCA"
"PF01649","LBCA"
"PF01653","LBCA"
"PF01654","LBCA"
"PF01668","preLBCA"
"PF01679","LBCA"
"PF01687","LBCA"
"PF01695","LBCA"
"PF01704","LBCA"
"PF01709","LBCA"
"PF01712","LBCA"
"PF01715","LBCA"
"PF01722","LBCA"
"PF01725","LBCA"
"PF01726","preLBCA"
"PF01730","LBCA"
"PF01734","preLBCA"
"PF01739","LBCA"
"PF01740","preLBCA"
"PF01741","LBCA"
"PF01743","LBCA"
"PF01746","LBCA"
"PF01747","LBCA"
"PF01755","preLBCA"
"PF01761","LBCA"
"PF01764","LBCA"
"PF01765","LBCA"
"PF01773","LBCA"
"PF01774","LBCA"
"PF01782","LBCA"
"PF01783","LBCA"
"PF01790","LBCA"
"PF01794","LBCA"
"PF01797","preLBCA"
"PF01804","LBCA"
"PF01807","LBCA"
"PF01809","LBCA"
"PF01810","LBCA"
"PF01812","preLBCA"
"PF01813","LBCA"
"PF01814","LBCA"
"PF01820","LBCA"
"PF01823","LBCA"
"PF01832","LBCA"
"PF01833","LBCA"
"PF01835","LBCA"
"PF01871","LBCA"
"PF01875","preLBCA"
"PF01881","LBCA"
"PF01883","LBCA"
"PF01885","LBCA"
"PF01887","LBCA"
"PF01888","LBCA"
"PF01891","LBCA"
"PF01894","preLBCA"
"PF01899","LBCA"
"PF01906","LBCA"
"PF01910","LBCA"
"PF01914","LBCA"
"PF01915","LBCA"
"PF01924","LBCA"
"PF01928","LBCA"
"PF01931","LBCA"
"PF01937","LBCA"
"PF01957","LBCA"
"PF01963","LBCA"
"PF01967","preLBCA"
"PF01969","LBCA"
"PF01975","LBCA"
"PF02012","LBCA"
"PF02018","preLBCA"
"PF02021","preLBCA"
"PF02026","LBCA"
"PF02028","LBCA"
"PF02033","LBCA"
"PF02050","LBCA"
"PF02055","LBCA"
"PF02065","preLBCA"
"PF02073","LBCA"
"PF02074","LBCA"
"PF02075","LBCA"
"PF02082","LBCA"
"PF02085","preLBCA"
"PF02113","LBCA"
"PF02120","LBCA"
"PF02126","LBCA"
"PF02127","LBCA"
"PF02128","LBCA"
"PF02152","LBCA"
"PF02190","LBCA"
"PF02222","LBCA"
"PF02225","LBCA"
"PF02230","preLBCA"
"PF02237","LBCA"
"PF02239","LBCA"
"PF02245","preLBCA"
"PF02253","LBCA"
"PF02256","LBCA"
"PF02261","preLBCA"
"PF02265","LBCA"
"PF02275","preLBCA"
"PF02277","LBCA"
"PF02278","LBCA"
"PF02281","LBCA"
"PF02283","LBCA"
"PF02311","preLBCA"
"PF02321","preLBCA"
"PF02322","LBCA"
"PF02325","LBCA"
"PF02335","LBCA"
"PF02347","LBCA"
"PF02353","LBCA"
"PF02355","LBCA"
"PF02357","LBCA"
"PF02358","LBCA"
"PF02366","LBCA"
"PF02367","preLBCA"
"PF02368","preLBCA"
"PF02369","preLBCA"
"PF02371","preLBCA"
"PF02388","LBCA"
"PF02390","preLBCA"
"PF02391","LBCA"
"PF02397","preLBCA"
"PF02401","LBCA"
"PF02403","preLBCA"
"PF02405","LBCA"
"PF02410","LBCA"
"PF02411","LBCA"
"PF02415","LBCA"
"PF02416","LBCA"
"PF02424","LBCA"
"PF02426","LBCA"
"PF02433","LBCA"
"PF02436","preLBCA"
"PF02445","LBCA"
"PF02447","LBCA"
"PF02450","preLBCA"
"PF02452","preLBCA"
"PF02457","LBCA"
"PF02464","LBCA"
"PF02465","LBCA"
"PF02472","LBCA"
"PF02481","LBCA"
"PF02482","LBCA"
"PF02485","preLBCA"
"PF02486","LBCA"
"PF02491","LBCA"
"PF02493","preLBCA"
"PF02494","LBCA"
"PF02498","LBCA"
"PF02508","preLBCA"
"PF02514","LBCA"
"PF02522","preLBCA"
"PF02525","LBCA"
"PF02527","LBCA"
"PF02534","LBCA"
"PF02538","LBCA"
"PF02541","LBCA"
"PF02542","LBCA"
"PF02543","LBCA"
"PF02547","LBCA"
"PF02548","LBCA"
"PF02550","LBCA"
"PF02553","LBCA"
"PF02557","LBCA"
"PF02563","LBCA"
"PF02569","LBCA"
"PF02572","LBCA"
"PF02574","LBCA"
"PF02575","LBCA"
"PF02576","LBCA"
"PF02579","LBCA"
"PF02580","LBCA"
"PF02582","LBCA"
"PF02590","LBCA"
"PF02595","LBCA"
"PF02596","LBCA"
"PF02599","LBCA"
"PF02600","LBCA"
"PF02601","LBCA"
"PF02604","preLBCA"
"PF02609","preLBCA"
"PF02610","preLBCA"
"PF02614","LBCA"
"PF02615","LBCA"
"PF02617","LBCA"
"PF02618","LBCA"
"PF02620","LBCA"
"PF02622","LBCA"
"PF02623","preLBCA"
"PF02624","LBCA"
"PF02625","preLBCA"
"PF02626","LBCA"
"PF02630","LBCA"
"PF02631","LBCA"
"PF02636","LBCA"
"PF02638","LBCA"
"PF02641","LBCA"
"PF02645","LBCA"
"PF02646","preLBCA"
"PF02649","LBCA"
"PF02652","preLBCA"
"PF02654","LBCA"
"PF02656","LBCA"
"PF02659","LBCA"
"PF02660","preLBCA"
"PF02666","LBCA"
"PF02668","LBCA"
"PF02669","LBCA"
"PF02674","preLBCA"
"PF02677","LBCA"
"PF02679","LBCA"
"PF02682","LBCA"
"PF02683","LBCA"
"PF02685","LBCA"
"PF02686","LBCA"
"PF02690","LBCA"
"PF02694","LBCA"
"PF02696","LBCA"
"PF02698","preLBCA"
"PF02699","LBCA"
"PF02702","LBCA"
"PF02705","LBCA"
"PF02706","preLBCA"
"PF02709","LBCA"
"PF02733","LBCA"
"PF02734","LBCA"
"PF02735","LBCA"
"PF02738","preLBCA"
"PF02739","LBCA"
"PF02743","LBCA"
"PF02772","LBCA"
"PF02773","preLBCA"
"PF02776","LBCA"
"PF02789","preLBCA"
"PF02797","preLBCA"
"PF02801","LBCA"
"PF02805","LBCA"
"PF02810","LBCA"
"PF02814","LBCA"
"PF02823","LBCA"
"PF02833","LBCA"
"PF02838","preLBCA"
"PF02839","LBCA"
"PF02861","preLBCA"
"PF02863","LBCA"
"PF02870","LBCA"
"PF02872","LBCA"
"PF02873","LBCA"
"PF02875","preLBCA"
"PF02880","LBCA"
"PF02884","LBCA"
"PF02895","LBCA"
"PF02897","preLBCA"
"PF02900","LBCA"
"PF02901","LBCA"
"PF02906","preLBCA"
"PF02911","preLBCA"
"PF02922","preLBCA"
"PF02927","preLBCA"
"PF02929","LBCA"
"PF02938","LBCA"
"PF02951","LBCA"
"PF02952","LBCA"
"PF02954","LBCA"
"PF02955","LBCA"
"PF02958","LBCA"
"PF02965","LBCA"
"PF02976","LBCA"
"PF03006","LBCA"
"PF03007","LBCA"
"PF03008","LBCA"
"PF03022","LBCA"
"PF03023","LBCA"
"PF03033","LBCA"
"PF03050","LBCA"
"PF03051","LBCA"
"PF03054","LBCA"
"PF03055","LBCA"
"PF03059","LBCA"
"PF03060","LBCA"
"PF03062","preLBCA"
"PF03073","LBCA"
"PF03079","LBCA"
"PF03092","LBCA"
"PF03098","LBCA"
"PF03100","LBCA"
"PF03109","LBCA"
"PF03116","preLBCA"
"PF03118","LBCA"
"PF03119","LBCA"
"PF03135","LBCA"
"PF03147","LBCA"
"PF03150","LBCA"
"PF03160","preLBCA"
"PF03162","LBCA"
"PF03167","LBCA"
"PF03168","LBCA"
"PF03171","LBCA"
"PF03174","LBCA"
"PF03190","LBCA"
"PF03193","LBCA"
"PF03200","LBCA"
"PF03209","LBCA"
"PF03214","LBCA"
"PF03219","LBCA"
"PF03232","LBCA"
"PF03237","preLBCA"
"PF03239","LBCA"
"PF03253","LBCA"
"PF03264","LBCA"
"PF03266","LBCA"
"PF03269","LBCA"
"PF03275","LBCA"
"PF03279","preLBCA"
"PF03306","LBCA"
"PF03308","preLBCA"
"PF03309","LBCA"
"PF03313","LBCA"
"PF03315","LBCA"
"PF03319","LBCA"
"PF03321","LBCA"
"PF03328","LBCA"
"PF03330","LBCA"
"PF03334","LBCA"
"PF03349","preLBCA"
"PF03350","LBCA"
"PF03354","LBCA"
"PF03374","LBCA"
"PF03382","LBCA"
"PF03400","LBCA"
"PF03403","LBCA"
"PF03404","LBCA"
"PF03407","LBCA"
"PF03412","preLBCA"
"PF03422","preLBCA"
"PF03425","LBCA"
"PF03432","LBCA"
"PF03437","LBCA"
"PF03441","LBCA"
"PF03445","LBCA"
"PF03449","LBCA"
"PF03450","LBCA"
"PF03454","preLBCA"
"PF03458","LBCA"
"PF03461","LBCA"
"PF03462","LBCA"
"PF03466","preLBCA"
"PF03471","LBCA"
"PF03475","LBCA"
"PF03476","LBCA"
"PF03480","LBCA"
"PF03481","LBCA"
"PF03484","LBCA"
"PF03486","LBCA"
"PF03496","LBCA"
"PF03534","LBCA"
"PF03544","LBCA"
"PF03547","LBCA"
"PF03553","LBCA"
"PF03559","LBCA"
"PF03561","LBCA"
"PF03567","LBCA"
"PF03572","preLBCA"
"PF03575","LBCA"
"PF03576","LBCA"
"PF03577","LBCA"
"PF03583","LBCA"
"PF03588","LBCA"
"PF03592","LBCA"
"PF03595","LBCA"
"PF03600","LBCA"
"PF03602","LBCA"
"PF03605","LBCA"
"PF03606","LBCA"
"PF03609","LBCA"
"PF03610","LBCA"
"PF03611","LBCA"
"PF03616","preLBCA"
"PF03625","LBCA"
"PF03626","LBCA"
"PF03629","preLBCA"
"PF03631","LBCA"
"PF03632","LBCA"
"PF03633","LBCA"
"PF03636","LBCA"
"PF03640","LBCA"
"PF03641","LBCA"
"PF03644","preLBCA"
"PF03648","LBCA"
"PF03649","LBCA"
"PF03652","LBCA"
"PF03663","LBCA"
"PF03664","LBCA"
"PF03682","LBCA"
"PF03690","LBCA"
"PF03691","LBCA"
"PF03693","LBCA"
"PF03702","LBCA"
"PF03704","LBCA"
"PF03705","preLBCA"
"PF03713","LBCA"
"PF03717","preLBCA"
"PF03724","preLBCA"
"PF03726","preLBCA"
"PF03727","LBCA"
"PF03729","LBCA"
"PF03733","LBCA"
"PF03734","LBCA"
"PF03738","preLBCA"
"PF03739","LBCA"
"PF03740","LBCA"
"PF03741","LBCA"
"PF03743","LBCA"
"PF03745","LBCA"
"PF03746","LBCA"
"PF03748","LBCA"
"PF03749","LBCA"
"PF03750","LBCA"
"PF03755","LBCA"
"PF03764","LBCA"
"PF03767","LBCA"
"PF03772","LBCA"
"PF03779","LBCA"
"PF03781","preLBCA"
"PF03783","preLBCA"
"PF03786","preLBCA"
"PF03788","LBCA"
"PF03793","LBCA"
"PF03796","LBCA"
"PF03797","LBCA"
"PF03799","LBCA"
"PF03806","LBCA"
"PF03808","preLBCA"
"PF03814","LBCA"
"PF03819","LBCA"
"PF03824","preLBCA"
"PF03825","preLBCA"
"PF03830","LBCA"
"PF03837","LBCA"
"PF03840","LBCA"
"PF03841","LBCA"
"PF03848","LBCA"
"PF03851","LBCA"
"PF03853","preLBCA"
"PF03860","LBCA"
"PF03864","preLBCA"
"PF03865","LBCA"
"PF03869","LBCA"
"PF03880","LBCA"
"PF03881","LBCA"
"PF03883","LBCA"
"PF03886","LBCA"
"PF03891","LBCA"
"PF03894","LBCA"
"PF03895","LBCA"
"PF03900","preLBCA"
"PF03901","LBCA"
"PF03924","LBCA"
"PF03928","LBCA"
"PF03929","LBCA"
"PF03932","LBCA"
"PF03938","LBCA"
"PF03948","LBCA"
"PF03949","LBCA"
"PF03951","LBCA"
"PF03958","LBCA"
"PF03959","LBCA"
"PF03960","LBCA"
"PF03961","LBCA"
"PF03966","LBCA"
"PF03968","LBCA"
"PF03975","LBCA"
"PF03976","LBCA"
"PF03977","LBCA"
"PF03988","LBCA"
"PF03994","LBCA"
"PF04002","LBCA"
"PF04007","LBCA"
"PF04011","LBCA"
"PF04012","LBCA"
"PF04018","LBCA"
"PF04020","preLBCA"
"PF04026","LBCA"
"PF04030","preLBCA"
"PF04039","LBCA"
"PF04066","LBCA"
"PF04069","LBCA"
"PF04070","LBCA"
"PF04073","preLBCA"
"PF04074","preLBCA"
"PF04093","LBCA"
"PF04095","preLBCA"
"PF04107","LBCA"
"PF04116","LBCA"
"PF04120","LBCA"
"PF04127","LBCA"
"PF04134","LBCA"
"PF04143","LBCA"
"PF04151","preLBCA"
"PF04166","LBCA"
"PF04168","LBCA"
"PF04170","LBCA"
"PF04172","LBCA"
"PF04183","LBCA"
"PF04185","preLBCA"
"PF04203","LBCA"
"PF04204","LBCA"
"PF04205","LBCA"
"PF04209","LBCA"
"PF04216","LBCA"
"PF04221","LBCA"
"PF04223","LBCA"
"PF04224","LBCA"
"PF04226","preLBCA"
"PF04229","preLBCA"
"PF04231","LBCA"
"PF04233","LBCA"
"PF04235","LBCA"
"PF04237","LBCA"
"PF04238","LBCA"
"PF04239","LBCA"
"PF04244","LBCA"
"PF04245","LBCA"
"PF04246","LBCA"
"PF04248","LBCA"
"PF04250","LBCA"
"PF04261","LBCA"
"PF04264","LBCA"
"PF04265","LBCA"
"PF04273","LBCA"
"PF04277","preLBCA"
"PF04285","LBCA"
"PF04286","LBCA"
"PF04290","LBCA"
"PF04293","LBCA"
"PF04295","preLBCA"
"PF04296","LBCA"
"PF04299","LBCA"
"PF04304","LBCA"
"PF04324","preLBCA"
"PF04326","LBCA"
"PF04332","LBCA"
"PF04336","LBCA"
"PF04337","LBCA"
"PF04338","LBCA"
"PF04341","preLBCA"
"PF04347","LBCA"
"PF04350","preLBCA"
"PF04357","LBCA"
"PF04359","LBCA"
"PF04365","preLBCA"
"PF04366","LBCA"
"PF04367","LBCA"
"PF04384","LBCA"
"PF04392","LBCA"
"PF04397","LBCA"
"PF04404","preLBCA"
"PF04408","preLBCA"
"PF04411","LBCA"
"PF04422","preLBCA"
"PF04439","LBCA"
"PF04443","LBCA"
"PF04450","preLBCA"
"PF04452","LBCA"
"PF04454","LBCA"
"PF04464","LBCA"
"PF04465","LBCA"
"PF04466","LBCA"
"PF04474","LBCA"
"PF04480","preLBCA"
"PF04488","preLBCA"
"PF04492","LBCA"
"PF04493","LBCA"
"PF04519","preLBCA"
"PF04539","preLBCA"
"PF04542","preLBCA"
"PF04545","LBCA"
"PF04551","LBCA"
"PF04556","LBCA"
"PF04577","LBCA"
"PF04586","LBCA"
"PF04607","LBCA"
"PF04608","LBCA"
"PF04610","LBCA"
"PF04616","preLBCA"
"PF04632","LBCA"
"PF04657","preLBCA"
"PF04675","LBCA"
"PF04685","LBCA"
"PF04734","LBCA"
"PF04738","preLBCA"
"PF04754","LBCA"
"PF04760","LBCA"
"PF04765","LBCA"
"PF04773","LBCA"
"PF04775","LBCA"
"PF04784","LBCA"
"PF04794","preLBCA"
"PF04828","LBCA"
"PF04832","LBCA"
"PF04860","preLBCA"
"PF04862","LBCA"
"PF04883","LBCA"
"PF04898","LBCA"
"PF04932","preLBCA"
"PF04940","LBCA"
"PF04945","preLBCA"
"PF04952","LBCA"
"PF04954","LBCA"
"PF04956","LBCA"
"PF04960","preLBCA"
"PF04962","LBCA"
"PF04965","LBCA"
"PF04966","preLBCA"
"PF04972","preLBCA"
"PF04973","LBCA"
"PF04976","LBCA"
"PF04977","LBCA"
"PF04982","preLBCA"
"PF04986","LBCA"
"PF04989","LBCA"
"PF04991","preLBCA"
"PF04994","LBCA"
"PF05013","LBCA"
"PF05015","preLBCA"
"PF05019","LBCA"
"PF05025","LBCA"
"PF05035","LBCA"
"PF05037","LBCA"
"PF05045","LBCA"
"PF05057","LBCA"
"PF05063","LBCA"
"PF05065","LBCA"
"PF05067","LBCA"
"PF05069","LBCA"
"PF05076","preLBCA"
"PF05089","LBCA"
"PF05090","LBCA"
"PF05096","preLBCA"
"PF05099","preLBCA"
"PF05105","LBCA"
"PF05107","preLBCA"
"PF05114","LBCA"
"PF05116","LBCA"
"PF05117","LBCA"
"PF05118","LBCA"
"PF05119","LBCA"
"PF05120","LBCA"
"PF05121","LBCA"
"PF05128","LBCA"
"PF05130","LBCA"
"PF05135","LBCA"
"PF05136","LBCA"
"PF05138","LBCA"
"PF05139","LBCA"
"PF05140","LBCA"
"PF05141","LBCA"
"PF05147","preLBCA"
"PF05153","LBCA"
"PF05154","preLBCA"
"PF05157","preLBCA"
"PF05159","LBCA"
"PF05163","LBCA"
"PF05170","LBCA"
"PF05171","LBCA"
"PF05173","LBCA"
"PF05175","preLBCA"
"PF05187","LBCA"
"PF05188","LBCA"
"PF05190","preLBCA"
"PF05192","LBCA"
"PF05193","LBCA"
"PF05194","LBCA"
"PF05195","LBCA"
"PF05198","preLBCA"
"PF05199","preLBCA"
"PF05222","LBCA"
"PF05226","LBCA"
"PF05228","LBCA"
"PF05231","preLBCA"
"PF05235","preLBCA"
"PF05257","LBCA"
"PF05258","LBCA"
"PF05270","LBCA"
"PF05272","LBCA"
"PF05299","LBCA"
"PF05336","LBCA"
"PF05345","preLBCA"
"PF05359","LBCA"
"PF05360","LBCA"
"PF05401","LBCA"
"PF05426","preLBCA"
"PF05430","preLBCA"
"PF05448","preLBCA"
"PF05488","LBCA"
"PF05496","LBCA"
"PF05509","LBCA"
"PF05521","preLBCA"
"PF05523","LBCA"
"PF05524","LBCA"
"PF05525","LBCA"
"PF05532","LBCA"
"PF05534","LBCA"
"PF05544","LBCA"
"PF05547","LBCA"
"PF05552","preLBCA"
"PF05569","LBCA"
"PF05572","LBCA"
"PF05573","preLBCA"
"PF05591","LBCA"
"PF05592","LBCA"
"PF05610","LBCA"
"PF05635","preLBCA"
"PF05649","LBCA"
"PF05656","LBCA"
"PF05661","LBCA"
"PF05681","LBCA"
"PF05683","preLBCA"
"PF05684","LBCA"
"PF05685","preLBCA"
"PF05690","LBCA"
"PF05691","LBCA"
"PF05698","LBCA"
"PF05704","preLBCA"
"PF05708","LBCA"
"PF05713","LBCA"
"PF05717","LBCA"
"PF05721","preLBCA"
"PF05724","LBCA"
"PF05728","LBCA"
"PF05731","LBCA"
"PF05732","LBCA"
"PF05742","LBCA"
"PF05746","LBCA"
"PF05787","LBCA"
"PF05816","LBCA"
"PF05833","LBCA"
"PF05834","LBCA"
"PF05838","LBCA"
"PF05860","LBCA"
"PF05866","preLBCA"
"PF05869","LBCA"
"PF05875","preLBCA"
"PF05876","LBCA"
"PF05893","LBCA"
"PF05899","LBCA"
"PF05922","LBCA"
"PF05930","LBCA"
"PF05935","LBCA"
"PF05936","LBCA"
"PF05940","LBCA"
"PF05954","LBCA"
"PF05960","LBCA"
"PF05970","LBCA"
"PF05973","LBCA"
"PF05974","LBCA"
"PF05977","preLBCA"
"PF05982","preLBCA"
"PF05985","LBCA"
"PF05988","LBCA"
"PF05990","LBCA"
"PF06032","LBCA"
"PF06042","LBCA"
"PF06044","LBCA"
"PF06048","LBCA"
"PF06050","LBCA"
"PF06054","LBCA"
"PF06055","LBCA"
"PF06056","LBCA"
"PF06067","LBCA"
"PF06071","LBCA"
"PF06074","LBCA"
"PF06100","LBCA"
"PF06108","LBCA"
"PF06114","preLBCA"
"PF06127","LBCA"
"PF06144","LBCA"
"PF06150","LBCA"
"PF06155","LBCA"
"PF06161","LBCA"
"PF06165","preLBCA"
"PF06167","preLBCA"
"PF06170","LBCA"
"PF06172","LBCA"
"PF06175","LBCA"
"PF06181","LBCA"
"PF06182","preLBCA"
"PF06202","LBCA"
"PF06210","preLBCA"
"PF06240","LBCA"
"PF06241","LBCA"
"PF06243","LBCA"
"PF06252","LBCA"
"PF06262","LBCA"
"PF06276","LBCA"
"PF06283","preLBCA"
"PF06289","LBCA"
"PF06296","LBCA"
"PF06325","LBCA"
"PF06347","LBCA"
"PF06368","LBCA"
"PF06379","LBCA"
"PF06386","preLBCA"
"PF06414","LBCA"
"PF06415","LBCA"
"PF06426","LBCA"
"PF06429","LBCA"
"PF06434","LBCA"
"PF06439","LBCA"
"PF06441","LBCA"
"PF06445","preLBCA"
"PF06452","LBCA"
"PF06468","LBCA"
"PF06470","LBCA"
"PF06480","LBCA"
"PF06496","LBCA"
"PF06500","LBCA"
"PF06516","LBCA"
"PF06527","LBCA"
"PF06537","preLBCA"
"PF06541","LBCA"
"PF06559","LBCA"
"PF06574","LBCA"
"PF06580","LBCA"
"PF06628","LBCA"
"PF06685","LBCA"
"PF06689","LBCA"
"PF06718","LBCA"
"PF06719","LBCA"
"PF06725","LBCA"
"PF06727","LBCA"
"PF06736","LBCA"
"PF06738","LBCA"
"PF06742","LBCA"
"PF06750","LBCA"
"PF06751","LBCA"
"PF06764","LBCA"
"PF06769","LBCA"
"PF06772","LBCA"
"PF06778","LBCA"
"PF06779","LBCA"
"PF06792","LBCA"
"PF06798","LBCA"
"PF06803","preLBCA"
"PF06821","preLBCA"
"PF06826","preLBCA"
"PF06831","LBCA"
"PF06832","LBCA"
"PF06835","LBCA"
"PF06841","LBCA"
"PF06848","LBCA"
"PF06863","preLBCA"
"PF06865","LBCA"
"PF06877","LBCA"
"PF06889","LBCA"
"PF06897","LBCA"
"PF06902","LBCA"
"PF06912","LBCA"
"PF06925","LBCA"
"PF06941","preLBCA"
"PF06945","LBCA"
"PF06961","LBCA"
"PF06962","LBCA"
"PF06964","preLBCA"
"PF06965","LBCA"
"PF06966","preLBCA"
"PF06968","LBCA"
"PF06969","LBCA"
"PF06971","LBCA"
"PF06974","LBCA"
"PF06983","LBCA"
"PF06993","LBCA"
"PF07005","LBCA"
"PF07009","LBCA"
"PF07021","LBCA"
"PF07030","LBCA"
"PF07040","LBCA"
"PF07043","preLBCA"
"PF07055","LBCA"
"PF07063","LBCA"
"PF07070","LBCA"
"PF07075","LBCA"
"PF07077","LBCA"
"PF07080","LBCA"
"PF07081","LBCA"
"PF07085","LBCA"
"PF07087","LBCA"
"PF07090","LBCA"
"PF07098","LBCA"
"PF07099","LBCA"
"PF07100","LBCA"
"PF07103","LBCA"
"PF07109","LBCA"
"PF07110","LBCA"
"PF07143","LBCA"
"PF07166","LBCA"
"PF07171","LBCA"
"PF07179","preLBCA"
"PF07195","LBCA"
"PF07196","LBCA"
"PF07224","LBCA"
"PF07228","LBCA"
"PF07238","preLBCA"
"PF07244","LBCA"
"PF07274","LBCA"
"PF07275","LBCA"
"PF07285","LBCA"
"PF07287","LBCA"
"PF07290","LBCA"
"PF07291","preLBCA"
"PF07313","LBCA"
"PF07331","LBCA"
"PF07332","LBCA"
"PF07336","LBCA"
"PF07352","LBCA"
"PF07364","LBCA"
"PF07382","LBCA"
"PF07385","LBCA"
"PF07386","LBCA"
"PF07388","LBCA"
"PF07394","LBCA"
"PF07396","preLBCA"
"PF07411","LBCA"
"PF07452","preLBCA"
"PF07460","LBCA"
"PF07470","LBCA"
"PF07477","LBCA"
"PF07478","LBCA"
"PF07479","LBCA"
"PF07484","LBCA"
"PF07486","LBCA"
"PF07494","preLBCA"
"PF07495","LBCA"
"PF07497","LBCA"
"PF07498","LBCA"
"PF07503","LBCA"
"PF07504","LBCA"
"PF07505","preLBCA"
"PF07508","preLBCA"
"PF07510","preLBCA"
"PF07517","LBCA"
"PF07538","LBCA"
"PF07549","LBCA"
"PF07555","LBCA"
"PF07556","LBCA"
"PF07559","LBCA"
"PF07568","LBCA"
"PF07581","preLBCA"
"PF07583","LBCA"
"PF07584","LBCA"
"PF07587","LBCA"
"PF07589","LBCA"
"PF07591","LBCA"
"PF07592","preLBCA"
"PF07593","preLBCA"
"PF07602","LBCA"
"PF07607","LBCA"
"PF07609","LBCA"
"PF07610","LBCA"
"PF07617","preLBCA"
"PF07626","LBCA"
"PF07632","LBCA"
"PF07635","preLBCA"
"PF07638","preLBCA"
"PF07642","LBCA"
"PF07661","LBCA"
"PF07662","LBCA"
"PF07678","LBCA"
"PF07679","LBCA"
"PF07681","LBCA"
"PF07683","LBCA"
"PF07685","LBCA"
"PF07691","preLBCA"
"PF07695","preLBCA"
"PF07697","LBCA"
"PF07698","LBCA"
"PF07700","LBCA"
"PF07701","LBCA"
"PF07703","LBCA"
"PF07714","preLBCA"
"PF07717","LBCA"
"PF07720","LBCA"
"PF07721","LBCA"
"PF07722","LBCA"
"PF07724","LBCA"
"PF07729","preLBCA"
"PF07733","LBCA"
"PF07739","LBCA"
"PF07745","LBCA"
"PF07751","LBCA"
"PF07784","preLBCA"
"PF07799","LBCA"
"PF07804","LBCA"
"PF07811","preLBCA"
"PF07813","preLBCA"
"PF07819","preLBCA"
"PF07831","LBCA"
"PF07843","LBCA"
"PF07862","LBCA"
"PF07866","LBCA"
"PF07876","LBCA"
"PF07878","LBCA"
"PF07927","LBCA"
"PF07929","preLBCA"
"PF07934","LBCA"
"PF07944","LBCA"
"PF07947","LBCA"
"PF07949","LBCA"
"PF07963","preLBCA"
"PF07971","LBCA"
"PF07977","LBCA"
"PF07978","LBCA"
"PF07993","LBCA"
"PF07994","LBCA"
"PF08000","preLBCA"
"PF08002","preLBCA"
"PF08003","LBCA"
"PF08007","LBCA"
"PF08011","LBCA"
"PF08013","LBCA"
"PF08014","LBCA"
"PF08019","LBCA"
"PF08020","LBCA"
"PF08021","LBCA"
"PF08022","LBCA"
"PF08028","LBCA"
"PF08031","LBCA"
"PF08032","LBCA"
"PF08123","LBCA"
"PF08124","LBCA"
"PF08125","LBCA"
"PF08139","LBCA"
"PF08206","LBCA"
"PF08207","LBCA"
"PF08211","LBCA"
"PF08212","preLBCA"
"PF08218","LBCA"
"PF08238","LBCA"
"PF08239","preLBCA"
"PF08245","LBCA"
"PF08267","LBCA"
"PF08269","LBCA"
"PF08275","preLBCA"
"PF08279","preLBCA"
"PF08281","preLBCA"
"PF08291","preLBCA"
"PF08298","LBCA"
"PF08299","LBCA"
"PF08305","preLBCA"
"PF08328","LBCA"
"PF08331","preLBCA"
"PF08332","preLBCA"
"PF08334","LBCA"
"PF08335","LBCA"
"PF08338","LBCA"
"PF08340","LBCA"
"PF08345","LBCA"
"PF08346","preLBCA"
"PF08348","LBCA"
"PF08359","LBCA"
"PF08369","LBCA"
"PF08376","preLBCA"
"PF08378","LBCA"
"PF08379","LBCA"
"PF08388","LBCA"
"PF08401","LBCA"
"PF08406","LBCA"
"PF08421","preLBCA"
"PF08436","preLBCA"
"PF08439","LBCA"
"PF08445","LBCA"
"PF08446","preLBCA"
"PF08455","LBCA"
"PF08471","LBCA"
"PF08477","LBCA"
"PF08478","LBCA"
"PF08479","LBCA"
"PF08482","LBCA"
"PF08484","preLBCA"
"PF08485","LBCA"
"PF08486","LBCA"
"PF08495","LBCA"
"PF08497","LBCA"
"PF08530","preLBCA"
"PF08531","preLBCA"
"PF08532","preLBCA"
"PF08533","LBCA"
"PF08534","preLBCA"
"PF08540","LBCA"
"PF08545","preLBCA"
"PF08547","LBCA"
"PF08570","LBCA"
"PF08592","LBCA"
"PF08645","preLBCA"
"PF08659","LBCA"
"PF08660","preLBCA"
"PF08662","preLBCA"
"PF08665","LBCA"
"PF08668","LBCA"
"PF08669","LBCA"
"PF08670","LBCA"
"PF08676","LBCA"
"PF08681","LBCA"
"PF08695","LBCA"
"PF08706","LBCA"
"PF08712","LBCA"
"PF08719","preLBCA"
"PF08722","LBCA"
"PF08747","LBCA"
"PF08757","preLBCA"
"PF08765","LBCA"
"PF08774","LBCA"
"PF08780","LBCA"
"PF08787","LBCA"
"PF08795","LBCA"
"PF08797","preLBCA"
"PF08798","LBCA"
"PF08803","LBCA"
"PF08808","LBCA"
"PF08811","preLBCA"
"PF08818","LBCA"
"PF08821","LBCA"
"PF08837","LBCA"
"PF08840","preLBCA"
"PF08845","LBCA"
"PF08849","preLBCA"
"PF08867","preLBCA"
"PF08869","LBCA"
"PF08870","LBCA"
"PF08874","LBCA"
"PF08878","LBCA"
"PF08889","LBCA"
"PF08892","LBCA"
"PF08899","LBCA"
"PF08901","LBCA"
"PF08902","LBCA"
"PF08906","preLBCA"
"PF08922","preLBCA"
"PF08928","LBCA"
"PF08929","LBCA"
"PF08937","LBCA"
"PF08972","LBCA"
"PF08974","LBCA"
"PF08984","LBCA"
"PF09002","LBCA"
"PF09055","LBCA"
"PF09087","LBCA"
"PF09092","LBCA"
"PF09093","LBCA"
"PF09106","LBCA"
"PF09107","LBCA"
"PF09115","LBCA"
"PF09118","LBCA"
"PF09140","LBCA"
"PF09195","LBCA"
"PF09204","LBCA"
"PF09209","LBCA"
"PF09224","LBCA"
"PF09234","LBCA"
"PF09278","LBCA"
"PF09285","LBCA"
"PF09286","LBCA"
"PF09290","LBCA"
"PF09295","LBCA"
"PF09296","LBCA"
"PF09297","LBCA"
"PF09298","LBCA"
"PF09299","LBCA"
"PF09314","LBCA"
"PF09323","LBCA"
"PF09344","LBCA"
"PF09346","preLBCA"
"PF09347","LBCA"
"PF09348","LBCA"
"PF09349","LBCA"
"PF09350","LBCA"
"PF09359","LBCA"
"PF09363","LBCA"
"PF09364","preLBCA"
"PF09365","preLBCA"
"PF09369","LBCA"
"PF09370","LBCA"
"PF09371","LBCA"
"PF09374","LBCA"
"PF09375","LBCA"
"PF09382","LBCA"
"PF09383","LBCA"
"PF09386","LBCA"
"PF09391","LBCA"
"PF09394","LBCA"
"PF09397","LBCA"
"PF09407","LBCA"
"PF09411","LBCA"
"PF09423","preLBCA"
"PF09424","LBCA"
"PF09471","LBCA"
"PF09484","LBCA"
"PF09485","LBCA"
"PF09491","LBCA"
"PF09492","LBCA"
"PF09509","preLBCA"
"PF09511","LBCA"
"PF09527","preLBCA"
"PF09537","LBCA"
"PF09565","LBCA"
"PF09568","LBCA"
"PF09586","LBCA"
"PF09587","preLBCA"
"PF09588","LBCA"
"PF09601","LBCA"
"PF09604","LBCA"
"PF09617","LBCA"
"PF09619","preLBCA"
"PF09643","LBCA"
"PF09656","LBCA"
"PF09669","LBCA"
"PF09670","LBCA"
"PF09678","preLBCA"
"PF09684","LBCA"
"PF09694","LBCA"
"PF09699","LBCA"
"PF09700","LBCA"
"PF09701","LBCA"
"PF09707","LBCA"
"PF09709","LBCA"
"PF09720","preLBCA"
"PF09722","LBCA"
"PF09754","LBCA"
"PF09820","preLBCA"
"PF09822","LBCA"
"PF09823","preLBCA"
"PF09828","LBCA"
"PF09835","LBCA"
"PF09837","LBCA"
"PF09844","preLBCA"
"PF09848","preLBCA"
"PF09852","preLBCA"
"PF09859","preLBCA"
"PF09862","LBCA"
"PF09864","preLBCA"
"PF09865","LBCA"
"PF09899","LBCA"
"PF09903","LBCA"
"PF09905","LBCA"
"PF09907","preLBCA"
"PF09913","LBCA"
"PF09918","LBCA"
"PF09924","LBCA"
"PF09925","preLBCA"
"PF09935","LBCA"
"PF09940","LBCA"
"PF09945","LBCA"
"PF09949","LBCA"
"PF09951","preLBCA"
"PF09952","LBCA"
"PF09954","LBCA"
"PF09956","preLBCA"
"PF09957","preLBCA"
"PF09965","LBCA"
"PF09966","LBCA"
"PF09967","preLBCA"
"PF09968","LBCA"
"PF09969","LBCA"
"PF09979","LBCA"
"PF09983","preLBCA"
"PF09989","LBCA"
"PF09990","preLBCA"
"PF09991","LBCA"
"PF09992","preLBCA"
"PF09995","preLBCA"
"PF09996","LBCA"
"PF09997","LBCA"
"PF10000","LBCA"
"PF10002","LBCA"
"PF10005","LBCA"
"PF10006","LBCA"
"PF10009","LBCA"
"PF10011","LBCA"
"PF10012","LBCA"
"PF10013","preLBCA"
"PF10017","preLBCA"
"PF10020","LBCA"
"PF10021","LBCA"
"PF10022","LBCA"
"PF10023","LBCA"
"PF10025","LBCA"
"PF10026","LBCA"
"PF10029","LBCA"
"PF10035","LBCA"
"PF10042","LBCA"
"PF10047","LBCA"
"PF10050","LBCA"
"PF10056","LBCA"
"PF10060","LBCA"
"PF10067","LBCA"
"PF10070","LBCA"
"PF10071","LBCA"
"PF10077","preLBCA"
"PF10088","preLBCA"
"PF10091","preLBCA"
"PF10097","LBCA"
"PF10099","preLBCA"
"PF10105","LBCA"
"PF10108","LBCA"
"PF10110","LBCA"
"PF10111","LBCA"
"PF10114","LBCA"
"PF10117","LBCA"
"PF10124","LBCA"
"PF10127","LBCA"
"PF10134","LBCA"
"PF10135","LBCA"
"PF10137","LBCA"
"PF10142","LBCA"
"PF10145","LBCA"
"PF10262","LBCA"
"PF10263","LBCA"
"PF10282","preLBCA"
"PF10294","LBCA"
"PF10335","LBCA"
"PF10369","LBCA"
"PF10370","LBCA"
"PF10371","LBCA"
"PF10385","LBCA"
"PF10387","LBCA"
"PF10396","LBCA"
"PF10410","LBCA"
"PF10431","LBCA"
"PF10437","LBCA"
"PF10442","preLBCA"
"PF10458","preLBCA"
"PF10462","LBCA"
"PF10503","LBCA"
"PF10531","preLBCA"
"PF10544","preLBCA"
"PF10555","LBCA"
"PF10566","preLBCA"
"PF10576","LBCA"
"PF10588","preLBCA"
"PF10589","LBCA"
"PF10590","LBCA"
"PF10592","preLBCA"
"PF10593","preLBCA"
"PF10609","LBCA"
"PF10670","preLBCA"
"PF10672","preLBCA"
"PF10677","LBCA"
"PF10685","LBCA"
"PF10686","LBCA"
"PF10719","LBCA"
"PF10722","preLBCA"
"PF10728","LBCA"
"PF10741","LBCA"
"PF10754","LBCA"
"PF10861","LBCA"
"PF10881","LBCA"
"PF10923","LBCA"
"PF10987","LBCA"
"PF10988","LBCA"
"PF10990","LBCA"
"PF11026","LBCA"
"PF11028","LBCA"
"PF11042","preLBCA"
"PF11066","LBCA"
"PF11074","LBCA"
"PF11075","LBCA"
"PF11127","preLBCA"
"PF11139","LBCA"
"PF11146","LBCA"
"PF11154","LBCA"
"PF11159","LBCA"
"PF11160","LBCA"
"PF11162","LBCA"
"PF11171","LBCA"
"PF11175","preLBCA"
"PF11185","preLBCA"
"PF11188","preLBCA"
"PF11196","LBCA"
"PF11199","preLBCA"
"PF11230","LBCA"
"PF11236","LBCA"
"PF11259","LBCA"
"PF11288","LBCA"
"PF11306","LBCA"
"PF11308","LBCA"
"PF11329","LBCA"
"PF11367","LBCA"
"PF11369","LBCA"
"PF11376","LBCA"
"PF11380","LBCA"
"PF11381","LBCA"
"PF11396","LBCA"
"PF11412","LBCA"
"PF11528","LBCA"
"PF11534","LBCA"
"PF11535","LBCA"
"PF11536","preLBCA"
"PF11563","preLBCA"
"PF11578","LBCA"
"PF11583","LBCA"
"PF11611","LBCA"
"PF11614","LBCA"
"PF11617","preLBCA"
"PF11645","LBCA"
"PF11655","LBCA"
"PF11695","LBCA"
"PF11697","LBCA"
"PF11700","LBCA"
"PF11721","preLBCA"
"PF11731","preLBCA"
"PF11736","LBCA"
"PF11738","LBCA"
"PF11750","preLBCA"
"PF11753","LBCA"
"PF11756","LBCA"
"PF11761","LBCA"
"PF11784","LBCA"
"PF11790","LBCA"
"PF11791","LBCA"
"PF11795","LBCA"
"PF11818","LBCA"
"PF11821","LBCA"
"PF11832","LBCA"
"PF11845","preLBCA"
"PF11852","LBCA"
"PF11855","LBCA"
"PF11860","LBCA"
"PF11863","preLBCA"
"PF11890","LBCA"
"PF11897","LBCA"
"PF11899","preLBCA"
"PF11903","LBCA"
"PF11907","LBCA"
"PF11918","LBCA"
"PF11922","LBCA"
"PF11924","LBCA"
"PF11927","LBCA"
"PF11941","LBCA"
"PF11950","LBCA"
"PF11954","preLBCA"
"PF11958","LBCA"
"PF11959","LBCA"
"PF11964","LBCA"
"PF11965","LBCA"
"PF11967","LBCA"
"PF11974","LBCA"
"PF11975","LBCA"
"PF11999","LBCA"
"PF12002","LBCA"
"PF12006","LBCA"
"PF12008","LBCA"
"PF12019","preLBCA"
"PF12034","LBCA"
"PF12040","LBCA"
"PF12055","LBCA"
"PF12072","LBCA"
"PF12098","LBCA"
"PF12102","LBCA"
"PF12120","LBCA"
"PF12147","LBCA"
"PF12158","preLBCA"
"PF12215","preLBCA"
"PF12224","LBCA"
"PF12242","LBCA"
"PF12244","LBCA"
"PF12255","LBCA"
"PF12256","LBCA"
"PF12275","LBCA"
"PF12277","LBCA"
"PF12294","LBCA"
"PF12323","LBCA"
"PF12345","LBCA"
"PF12358","LBCA"
"PF12385","LBCA"
"PF12390","LBCA"
"PF12391","LBCA"
"PF12392","LBCA"
"PF12412","LBCA"
"PF12418","LBCA"
"PF12437","LBCA"
"PF12439","preLBCA"
"PF12441","preLBCA"
"PF12450","LBCA"
"PF12464","LBCA"
"PF12476","preLBCA"
"PF12483","LBCA"
"PF12532","LBCA"
"PF12535","preLBCA"
"PF12544","LBCA"
"PF12564","LBCA"
"PF12625","LBCA"
"PF12627","LBCA"
"PF12631","LBCA"
"PF12637","LBCA"
"PF12639","LBCA"
"PF12640","preLBCA"
"PF12647","LBCA"
"PF12651","LBCA"
"PF12654","LBCA"
"PF12663","LBCA"
"PF12669","LBCA"
"PF12674","LBCA"
"PF12682","preLBCA"
"PF12688","LBCA"
"PF12690","LBCA"
"PF12691","preLBCA"
"PF12694","LBCA"
"PF12696","LBCA"
"PF12708","preLBCA"
"PF12715","LBCA"
"PF12724","LBCA"
"PF12730","preLBCA"
"PF12732","LBCA"
"PF12733","LBCA"
"PF12740","preLBCA"
"PF12746","LBCA"
"PF12760","LBCA"
"PF12762","LBCA"
"PF12766","LBCA"
"PF12769","LBCA"
"PF12779","LBCA"
"PF12787","LBCA"
"PF12796","preLBCA"
"PF12805","LBCA"
"PF12806","LBCA"
"PF12810","LBCA"
"PF12821","LBCA"
"PF12826","LBCA"
"PF12832","LBCA"
"PF12836","LBCA"
"PF12843","LBCA"
"PF12844","preLBCA"
"PF12848","LBCA"
"PF12852","LBCA"
"PF12860","LBCA"
"PF12862","preLBCA"
"PF12869","LBCA"
"PF12870","preLBCA"
"PF12872","LBCA"
"PF12883","LBCA"
"PF12891","preLBCA"
"PF12893","LBCA"
"PF12899","LBCA"
"PF12902","LBCA"
"PF12904","preLBCA"
"PF12951","LBCA"
"PF12961","LBCA"
"PF12969","preLBCA"
"PF12971","LBCA"
"PF12972","LBCA"
"PF12973","preLBCA"
"PF12974","preLBCA"
"PF12975","LBCA"
"PF12996","preLBCA"
"PF13007","preLBCA"
"PF13011","LBCA"
"PF13021","LBCA"
"PF13030","LBCA"
"PF13031","preLBCA"
"PF13083","LBCA"
"PF13088","preLBCA"
"PF13090","LBCA"
"PF13098","LBCA"
"PF13102","LBCA"
"PF13116","LBCA"
"PF13144","LBCA"
"PF13145","LBCA"
"PF13148","LBCA"
"PF13155","LBCA"
"PF13156","LBCA"
"PF13166","preLBCA"
"PF13176","preLBCA"
"PF13177","LBCA"
"PF13189","LBCA"
"PF13190","LBCA"
"PF13197","LBCA"
"PF13202","preLBCA"
"PF13203","LBCA"
"PF13204","LBCA"
"PF13205","preLBCA"
"PF13208","LBCA"
"PF13211","LBCA"
"PF13226","LBCA"
"PF13228","LBCA"
"PF13239","LBCA"
"PF13244","LBCA"
"PF13245","LBCA"
"PF13249","LBCA"
"PF13274","LBCA"
"PF13276","LBCA"
"PF13277","LBCA"
"PF13280","LBCA"
"PF13282","preLBCA"
"PF13286","LBCA"
"PF13287","preLBCA"
"PF13288","LBCA"
"PF13290","preLBCA"
"PF13291","LBCA"
"PF13305","LBCA"
"PF13306","LBCA"
"PF13308","LBCA"
"PF13311","LBCA"
"PF13320","LBCA"
"PF13328","LBCA"
"PF13335","LBCA"
"PF13337","LBCA"
"PF13340","LBCA"
"PF13342","LBCA"
"PF13346","LBCA"
"PF13350","LBCA"
"PF13354","preLBCA"
"PF13362","LBCA"
"PF13364","LBCA"
"PF13366","LBCA"
"PF13368","LBCA"
"PF13369","preLBCA"
"PF13371","LBCA"
"PF13372","LBCA"
"PF13375","LBCA"
"PF13376","preLBCA"
"PF13377","preLBCA"
"PF13379","LBCA"
"PF13386","preLBCA"
"PF13387","LBCA"
"PF13391","preLBCA"
"PF13392","preLBCA"
"PF13395","preLBCA"
"PF13396","preLBCA"
"PF13399","LBCA"
"PF13400","LBCA"
"PF13402","LBCA"
"PF13408","LBCA"
"PF13410","LBCA"
"PF13411","LBCA"
"PF13413","LBCA"
"PF13415","LBCA"
"PF13417","LBCA"
"PF13418","LBCA"
"PF13420","LBCA"
"PF13421","LBCA"
"PF13425","LBCA"
"PF13428","LBCA"
"PF13429","LBCA"
"PF13430","LBCA"
"PF13432","LBCA"
"PF13437","preLBCA"
"PF13438","preLBCA"
"PF13443","preLBCA"
"PF13444","LBCA"
"PF13448","LBCA"
"PF13451","LBCA"
"PF13454","LBCA"
"PF13455","LBCA"
"PF13464","LBCA"
"PF13466","LBCA"
"PF13469","LBCA"
"PF13470","LBCA"
"PF13471","LBCA"
"PF13475","preLBCA"
"PF13478","LBCA"
"PF13479","preLBCA"
"PF13480","preLBCA"
"PF13481","preLBCA"
"PF13484","LBCA"
"PF13485","LBCA"
"PF13487","preLBCA"
"PF13488","LBCA"
"PF13490","preLBCA"
"PF13491","LBCA"
"PF13492","LBCA"
"PF13493","LBCA"
"PF13499","LBCA"
"PF13502","LBCA"
"PF13505","preLBCA"
"PF13506","preLBCA"
"PF13509","LBCA"
"PF13514","LBCA"
"PF13516","preLBCA"
"PF13521","preLBCA"
"PF13523","LBCA"
"PF13524","preLBCA"
"PF13525","preLBCA"
"PF13530","LBCA"
"PF13532","preLBCA"
"PF13533","LBCA"
"PF13535","LBCA"
"PF13539","preLBCA"
"PF13540","LBCA"
"PF13541","LBCA"
"PF13542","LBCA"
"PF13545","LBCA"
"PF13548","LBCA"
"PF13551","LBCA"
"PF13555","preLBCA"
"PF13557","preLBCA"
"PF13559","LBCA"
"PF13564","LBCA"
"PF13567","LBCA"
"PF13569","LBCA"
"PF13575","LBCA"
"PF13577","preLBCA"
"PF13580","preLBCA"
"PF13581","LBCA"
"PF13582","preLBCA"
"PF13584","preLBCA"
"PF13586","LBCA"
"PF13593","LBCA"
"PF13598","LBCA"
"PF13599","preLBCA"
"PF13603","LBCA"
"PF13604","LBCA"
"PF13606","preLBCA"
"PF13609","LBCA"
"PF13612","LBCA"
"PF13616","LBCA"
"PF13618","LBCA"
"PF13619","LBCA"
"PF13621","preLBCA"
"PF13623","LBCA"
"PF13624","LBCA"
"PF13628","LBCA"
"PF13629","LBCA"
"PF13637","preLBCA"
"PF13640","LBCA"
"PF13643","preLBCA"
"PF13644","preLBCA"
"PF13648","LBCA"
"PF13651","LBCA"
"PF13655","LBCA"
"PF13657","LBCA"
"PF13660","LBCA"
"PF13661","LBCA"
"PF13662","LBCA"
"PF13664","LBCA"
"PF13668","LBCA"
"PF13671","preLBCA"
"PF13675","LBCA"
"PF13677","LBCA"
"PF13679","LBCA"
"PF13682","preLBCA"
"PF13685","LBCA"
"PF13687","LBCA"
"PF13688","LBCA"
"PF13690","LBCA"
"PF13699","LBCA"
"PF13700","preLBCA"
"PF13701","LBCA"
"PF13704","preLBCA"
"PF13707","LBCA"
"PF13709","LBCA"
"PF13711","LBCA"
"PF13712","LBCA"
"PF13714","LBCA"
"PF13715","preLBCA"
"PF13722","LBCA"
"PF13727","preLBCA"
"PF13730","LBCA"
"PF13735","LBCA"
"PF13738","preLBCA"
"PF13739","preLBCA"
"PF13740","LBCA"
"PF13744","LBCA"
"PF13746","LBCA"
"PF13751","LBCA"
"PF13753","LBCA"
"PF13759","LBCA"
"PF13767","LBCA"
"PF13768","LBCA"
"PF13772","LBCA"
"PF13776","LBCA"
"PF13778","LBCA"
"PF13783","LBCA"
"PF13784","LBCA"
"PF13785","LBCA"
"PF13787","preLBCA"
"PF13788","LBCA"
"PF13793","LBCA"
"PF13795","LBCA"
"PF13801","LBCA"
"PF13802","preLBCA"
"PF13806","LBCA"
"PF13807","preLBCA"
"PF13808","LBCA"
"PF13809","LBCA"
"PF13810","preLBCA"
"PF13814","LBCA"
"PF13817","LBCA"
"PF13826","LBCA"
"PF13828","LBCA"
"PF13835","LBCA"
"PF13844","LBCA"
"PF13852","LBCA"
"PF13857","preLBCA"
"PF13858","LBCA"
"PF13860","LBCA"
"PF13883","LBCA"
"PF13884","LBCA"
"PF13899","LBCA"
"PF13905","LBCA"
"PF13910","LBCA"
"PF13924","LBCA"
"PF13927","LBCA"
"PF13930","LBCA"
"PF13936","LBCA"
"PF13941","LBCA"
"PF13946","LBCA"
"PF13964","LBCA"
"PF13975","LBCA"
"PF14014","preLBCA"
"PF14015","LBCA"
"PF14020","LBCA"
"PF14022","preLBCA"
"PF14024","LBCA"
"PF14025","LBCA"
"PF14028","LBCA"
"PF14031","LBCA"
"PF14052","LBCA"
"PF14057","LBCA"
"PF14062","LBCA"
"PF14065","LBCA"
"PF14066","LBCA"
"PF14070","LBCA"
"PF14072","LBCA"
"PF14080","LBCA"
"PF14081","LBCA"
"PF14087","LBCA"
"PF14088","preLBCA"
"PF14094","LBCA"
"PF14096","LBCA"
"PF14099","preLBCA"
"PF14100","LBCA"
"PF14103","preLBCA"
"PF14104","LBCA"
"PF14106","preLBCA"
"PF14110","LBCA"
"PF14112","LBCA"
"PF14114","LBCA"
"PF14117","LBCA"
"PF14119","LBCA"
"PF14124","LBCA"
"PF14125","LBCA"
"PF14130","LBCA"
"PF14131","LBCA"
"PF14136","LBCA"
"PF14137","LBCA"
"PF14175","LBCA"
"PF14200","LBCA"
"PF14206","preLBCA"
"PF14213","preLBCA"
"PF14219","LBCA"
"PF14220","LBCA"
"PF14224","LBCA"
"PF14229","LBCA"
"PF14231","LBCA"
"PF14235","LBCA"
"PF14236","LBCA"
"PF14237","preLBCA"
"PF14238","LBCA"
"PF14240","LBCA"
"PF14242","LBCA"
"PF14243","LBCA"
"PF14246","LBCA"
"PF14248","LBCA"
"PF14252","LBCA"
"PF14253","LBCA"
"PF14256","LBCA"
"PF14258","LBCA"
"PF14262","preLBCA"
"PF14267","LBCA"
"PF14268","LBCA"
"PF14269","LBCA"
"PF14279","LBCA"
"PF14280","LBCA"
"PF14284","LBCA"
"PF14296","LBCA"
"PF14300","LBCA"
"PF14305","LBCA"
"PF14306","LBCA"
"PF14310","LBCA"
"PF14312","LBCA"
"PF14316","LBCA"
"PF14317","LBCA"
"PF14319","preLBCA"
"PF14323","LBCA"
"PF14326","LBCA"
"PF14328","LBCA"
"PF14332","LBCA"
"PF14335","LBCA"
"PF14337","LBCA"
"PF14339","LBCA"
"PF14340","LBCA"
"PF14342","LBCA"
"PF14343","LBCA"
"PF14344","LBCA"
"PF14345","LBCA"
"PF14350","LBCA"
"PF14351","LBCA"
"PF14355","LBCA"
"PF14359","LBCA"
"PF14361","LBCA"
"PF14362","LBCA"
"PF14367","preLBCA"
"PF14371","LBCA"
"PF14373","LBCA"
"PF14376","LBCA"
"PF14384","LBCA"
"PF14390","LBCA"
"PF14393","preLBCA"
"PF14397","preLBCA"
"PF14401","LBCA"
"PF14403","LBCA"
"PF14411","LBCA"
"PF14412","LBCA"
"PF14413","LBCA"
"PF14414","preLBCA"
"PF14417","LBCA"
"PF14435","LBCA"
"PF14436","LBCA"
"PF14449","LBCA"
"PF14450","LBCA"
"PF14451","LBCA"
"PF14452","LBCA"
"PF14461","LBCA"
"PF14470","LBCA"
"PF14486","LBCA"
"PF14487","LBCA"
"PF14488","LBCA"
"PF14489","LBCA"
"PF14490","LBCA"
"PF14491","LBCA"
"PF14492","LBCA"
"PF14493","LBCA"
"PF14498","preLBCA"
"PF14499","LBCA"
"PF14501","LBCA"
"PF14505","LBCA"
"PF14508","preLBCA"
"PF14509","LBCA"
"PF14511","LBCA"
"PF14516","preLBCA"
"PF14517","LBCA"
"PF14524","preLBCA"
"PF14526","LBCA"
"PF14532","LBCA"
"PF14534","preLBCA"
"PF14535","LBCA"
"PF14539","preLBCA"
"PF14542","LBCA"
"PF14552","LBCA"
"PF14566","LBCA"
"PF14567","preLBCA"
"PF14568","preLBCA"
"PF14572","LBCA"
"PF14574","LBCA"
"PF14579","LBCA"
"PF14587","LBCA"
"PF14588","LBCA"
"PF14592","preLBCA"
"PF14595","LBCA"
"PF14606","LBCA"
"PF14607","LBCA"
"PF14683","LBCA"
"PF14684","LBCA"
"PF14685","preLBCA"
"PF14686","LBCA"
"PF14690","preLBCA"
"PF14691","preLBCA"
"PF14693","LBCA"
"PF14698","LBCA"
"PF14706","LBCA"
"PF14707","LBCA"
"PF14720","LBCA"
"PF14759","LBCA"
"PF14765","LBCA"
"PF14791","LBCA"
"PF14792","LBCA"
"PF14803","LBCA"
"PF14805","LBCA"
"PF14815","LBCA"
"PF14824","LBCA"
"PF14827","LBCA"
"PF14842","LBCA"
"PF14863","LBCA"
"PF14864","LBCA"
"PF14870","preLBCA"
"PF14871","preLBCA"
"PF14885","LBCA"
"PF14891","LBCA"
"PF14897","preLBCA"
"PF14903","preLBCA"
"PF14905","LBCA"
"PF14938","preLBCA"
"PF15428","LBCA"
"PF15461","LBCA"
"PF15515","preLBCA"
"PF15575","LBCA"
"PF15580","LBCA"
"PF15594","LBCA"
"PF15595","LBCA"
"PF15607","LBCA"
"PF15632","LBCA"
"PF15723","LBCA"
"PF15731","LBCA"
"PF15738","LBCA"
"PF15780","LBCA"
"PF15781","LBCA"
"PF15891","LBCA"
"PF15892","preLBCA"
"PF15902","preLBCA"
"PF15919","LBCA"
"PF15937","LBCA"
"PF15975","LBCA"
"PF15979","preLBCA"
"PF16011","LBCA"
"PF16078","LBCA"
"PF16095","LBCA"
"PF16116","preLBCA"
"PF16124","LBCA"
"PF16126","LBCA"
"PF16153","LBCA"
"PF16156","LBCA"
"PF16158","LBCA"
"PF16162","LBCA"
"PF16173","LBCA"
"PF16184","LBCA"
"PF16188","LBCA"
"PF16193","LBCA"
"PF16197","LBCA"
"PF16198","LBCA"
"PF16216","LBCA"
"PF16221","LBCA"
"PF16227","LBCA"
"PF16254","LBCA"
"PF16258","LBCA"
"PF16261","LBCA"
"PF16263","LBCA"
"PF16264","LBCA"
"PF16268","LBCA"
"PF16277","LBCA"
"PF16286","LBCA"
"PF16289","LBCA"
"PF16295","LBCA"
"PF16313","LBCA"
"PF16316","LBCA"
"PF16317","LBCA"
"PF16332","LBCA"
"PF16347","preLBCA"
"PF16353","preLBCA"
"PF16355","preLBCA"
"PF16370","preLBCA"
"PF16371","LBCA"
"PF16375","LBCA"
"PF16387","LBCA"
"PF16401","preLBCA"
"PF16403","LBCA"
"PF16473","LBCA"
"PF16483","preLBCA"
"PF16491","LBCA"
"PF16499","LBCA"
"PF16561","LBCA"
"PF16565","LBCA"
"PF16576","LBCA"
"PF16582","LBCA"
"PF16586","LBCA"
"PF16640","LBCA"
"PF16654","LBCA"
"PF16655","LBCA"
"PF16656","preLBCA"
"PF16657","LBCA"
"PF16658","LBCA"
"PF16670","LBCA"
"PF16694","LBCA"
"PF16697","preLBCA"
"PF16702","LBCA"
"PF16738","LBCA"
"PF16757","LBCA"
"PF16822","LBCA"
"PF16841","LBCA"
"PF16861","preLBCA"
"PF16870","LBCA"
"PF16871","LBCA"
"PF16872","LBCA"
"PF16881","LBCA"
"PF16884","LBCA"
"PF16886","LBCA"
"PF16889","LBCA"
"PF16921","LBCA"
"PF16925","LBCA"
"PF16930","LBCA"
"PF16980","LBCA"
"PF16990","LBCA"
"PF17032","LBCA"
"PF17042","LBCA"
"PF17101","preLBCA"
"PF17124","LBCA"
"PF17128","LBCA"
"PF17131","LBCA"
"PF17132","LBCA"
"PF17152","LBCA"
"PF17159","LBCA"
"PF17167","preLBCA"
"PF17186","LBCA"
"PF17189","preLBCA"
"PF17194","LBCA"
"PF17200","LBCA"
"PF17201","LBCA"
"PF17210","preLBCA"
"PF17236","LBCA"
"PF17253","preLBCA"
"PF17284","preLBCA"
"PF17291","LBCA"
"PF17319","LBCA"
"PF17384","LBCA"
"PF17389","LBCA"
"PF17390","preLBCA"
"PF17391","LBCA"
"PF17392","LBCA"
"PF17396","LBCA"
"PF17648","LBCA"
"PF17652","LBCA"
"PF17653","LBCA"
"PF17660","preLBCA"
"PF17674","LBCA"
"PF17676","LBCA"
"PF17678","LBCA"
"PF17726","LBCA"
"PF17746","LBCA"
"PF17753","preLBCA"
"PF17757","LBCA"
"PF17759","LBCA"
"PF17762","LBCA"
"PF17763","LBCA"
"PF17767","LBCA"
"PF17770","LBCA"
"PF17773","LBCA"
"PF17782","preLBCA"
"PF17784","LBCA"
"PF17785","LBCA"
"PF17786","LBCA"
"PF17788","preLBCA"
"PF17801","preLBCA"
"PF17803","LBCA"
"PF17805","LBCA"
"PF17810","LBCA"
"PF17827","LBCA"
"PF17829","LBCA"
"PF17836","preLBCA"
"PF17837","LBCA"
"PF17848","LBCA"
"PF17850","LBCA"
"PF17851","preLBCA"
"PF17866","LBCA"
"PF17868","LBCA"
"PF17871","LBCA"
"PF17876","LBCA"
"PF17886","LBCA"
"PF17892","preLBCA"
"PF17899","LBCA"
"PF17900","preLBCA"
"PF17932","LBCA"
"PF17936","preLBCA"
"PF17938","LBCA"
"PF17939","LBCA"
"PF17944","preLBCA"
"PF17946","preLBCA"
"PF17953","LBCA"
"PF17956","LBCA"
"PF17967","LBCA"
"PF17972","LBCA"
"PF17973","LBCA"
"PF17975","LBCA"
"PF17990","LBCA"
"PF17991","LBCA"
"PF17996","LBCA"
"PF18011","LBCA"
"PF18014","LBCA"
"PF18027","LBCA"
"PF18029","preLBCA"
"PF18040","LBCA"
"PF18073","LBCA"
"PF18075","LBCA"
"PF18083","LBCA"
"PF18089","LBCA"
"PF18099","preLBCA"
"PF18120","LBCA"
"PF18128","LBCA"
"PF18133","preLBCA"
"PF18134","LBCA"
"PF18135","preLBCA"
"PF18145","preLBCA"
"PF18146","preLBCA"
"PF18153","LBCA"
"PF18158","LBCA"
"PF18182","LBCA"
"PF18211","LBCA"
"PF18267","LBCA"
"PF18269","LBCA"
"PF18276","preLBCA"
"PF18297","LBCA"
"PF18299","LBCA"
"PF18306","preLBCA"
"PF18310","LBCA"
"PF18318","LBCA"
"PF18324","LBCA"
"PF18335","preLBCA"
"PF18368","LBCA"
"PF18370","preLBCA"
"PF18376","LBCA"
"PF18406","LBCA"
"PF18413","preLBCA"
"PF18417","LBCA"
"PF18431","LBCA"
"PF18470","LBCA"
"PF18475","LBCA"
"PF18476","preLBCA"
"PF18478","LBCA"
"PF18483","LBCA"
"PF18537","LBCA"
"PF18541","LBCA"
"PF18546","LBCA"
"PF18563","LBCA"
"PF18564","LBCA"
"PF18565","LBCA"
"PF18603","LBCA"
"PF18657","LBCA"
"PF18676","preLBCA"
"PF18693","LBCA"
"PF18730","LBCA"
"PF18731","LBCA"
"PF18734","LBCA"
"PF18735","preLBCA"
"PF18737","LBCA"
"PF18741","LBCA"
"PF18742","LBCA"
"PF18796","LBCA"
"PF18810","LBCA"
"PF18818","LBCA"
"PF18845","LBCA"
"PF18849","LBCA"
"PF18863","LBCA"
"PF18864","LBCA"
"PF18885","LBCA"
"PF18887","LBCA"
"PF18888","LBCA"
"PF18894","LBCA"
"PF18899","preLBCA"
"PF18905","LBCA"
"PF18906","LBCA"
"PF18907","LBCA"
"PF18910","LBCA"
"PF18912","LBCA"
"PF18913","LBCA"
"PF18914","LBCA"
"PF18916","LBCA"
"PF18917","LBCA"
"PF18920","LBCA"
"PF18922","LBCA"
"PF18928","preLBCA"
"PF18933","LBCA"
"PF18934","LBCA"
"PF18936","LBCA"
"PF18947","LBCA"
"PF18950","LBCA"
"PF18967","LBCA"
"PF18991","LBCA"
"PF18998","LBCA"
"PF19044","LBCA"
"PF19051","LBCA"
"PF19076","LBCA"
"PF19077","preLBCA"
"PF19078","LBCA"
"PF19086","LBCA"
"PF19112","preLBCA"
"PF19190","LBCA"
"PF19193","LBCA"
"PF19263","LBCA"
"PF19266","LBCA"
"PF19269","preLBCA"
"PF19279","LBCA"
"PF19288","LBCA"
"PF19291","LBCA"
"PF19293","LBCA"
"PF19295","LBCA"
"PF19302","LBCA"
"PF19304","LBCA"
"PF19305","LBCA"
"PF19306","LBCA"
"PF19310","LBCA"
"PF19313","LBCA"
"PF19335","preLBCA"
"PF19368","LBCA"
"PF19371","LBCA"
"PF19403","LBCA"
"PF19420","preLBCA"
"PF19451","LBCA"
"PF19458","LBCA"
"PF19459","preLBCA"
"PF19473","LBCA"
"PF19474","LBCA"
"PF19480","LBCA"
"PF19501","LBCA"
"PF19510","LBCA"
"PF19527","LBCA"
"PF19528","LBCA"
"PF19567","LBCA"
"PF19570","LBCA"
"PF19577","LBCA"
"PF19580","preLBCA"
"PF19588","LBCA"
"PF19614","LBCA"
"PF19654","LBCA"
"PF19671","LBCA"
"PF19744","LBCA"
"PF19762","LBCA"
"PF19773","LBCA"
"PF19777","LBCA"
"PF19778","preLBCA"
"PF19780","LBCA"
"PF19783","LBCA"
"PF19788","LBCA"
"PF19807","LBCA"
"PF19815","LBCA"
"PF19834","LBCA"
"PF19851","LBCA"
"PF19864","LBCA"
"PF19865","LBCA"
"PF19872","LBCA"
"PF19888","LBCA"
"PF19890","LBCA"
"PF19891","LBCA"
"PF19955","LBCA"
"PF20008","LBCA"
"PF20009","LBCA"
"PF20016","LBCA"
"PF20030","LBCA"
"PF20042","LBCA"
"PF20067","LBCA"
"PF20095","LBCA"
"PF20102","LBCA"
"PF20103","LBCA"
"PF20106","preLBCA"
"PF20114","LBCA"
"PF20116","LBCA"
"PF20118","preLBCA"
"PF20125","LBCA"
"PF20126","LBCA"
"PF20131","LBCA"
"PF20138","LBCA"
"PF20148","preLBCA"
"PF20154","LBCA"
"PF20155","preLBCA"
"PF20208","preLBCA"
"PF20213","LBCA"
"PF20220","LBCA"
"PF20221","LBCA"
"PF20239","LBCA"
"PF20240","LBCA"
"PF20242","LBCA"
"PF20243","LBCA"
"PF20245","LBCA"
"PF20247","preLBCA"
"PF20248","LBCA"
"PF20250","LBCA"
"PF20254","LBCA"
"PF20256","LBCA"
"PF20258","LBCA"
"PF20259","preLBCA"
"PF20260","LBCA"
"PF20274","LBCA"
"PF20293","LBCA"
"PF20297","LBCA"
"PF20308","LBCA"
"PF20329","LBCA"
"PF20376","LBCA"
"PF20383","LBCA"
"PF20393","LBCA"
"PF20398","LBCA"
"PF20408","LBCA"
"PF20432","preLBCA"
"PF20434","LBCA"
"PF20437","LBCA"
"PF20442","LBCA"
"PF20446","LBCA"
"PF20454","LBCA"
"PF20461","preLBCA"
"PF20463","LBCA"
"PF20464","LBCA"
"PF20465","LBCA"
"PF20466","preLBCA"
"PF20467","LBCA"
"PF20501","LBCA"
"PF20511","LBCA"
"PF20560","LBCA"
"PF20582","LBCA"
"PF20586","LBCA"
"PF20589","LBCA"
"PF20597","LBCA"
"PF20603","LBCA"
"PF20604","LBCA"
"PF20613","LBCA"
"PF20620","LBCA"
